{
    "ROI:005": {
        "DAPI": [
            -32.62,
            19.635833333333334
        ],
        "RT27": [
            5.002727272727273,
            -6.579999999999999
        ]
    }
}