{
    "ROI:005": {
        "DAPI": [
            -32.6275,
            19.633333333333333
        ],
        "RT27": [
            5.011818181818182,
            -6.584545454545454
        ]
    }
}